Timestamp	ICMP Ping	rDNS	Serviceprobe	Hostprobes	Syncscan	TcpIP Fingerprint	Traceroute	IP Seq	
1333375200	0	0	0	0	0	0	0	0	
1333382400	0	0	0	0	0	0	0	0	
1333389600	0	0	0	0	0	0	0	0	
1333396800	0	0	0	0	0	0	0	0	
1333404000	0	0	0	0	0	0	0	0	
1333411200	0	0	0	0	0	0	0	0	
1333418400	0	0	0	0	0	0	0	0	
1333425600	0	0	0	0	0	0	0	0	
1333432800	0	0	0	0	0	0	0	0	
1333440000	0	0	0	0	0	0	0	0	
1333447200	19326	0	0	0	0	0	0	0	
1333461600	26548	0	0	0	0	0	0	0	
1333476000	46249	0	0	0	0	0	0	0	
1333490400	137985	0	0	0	0	0	0	0	
1333504800	1171283	0	0	0	0	0	0	0	
1333519200	1196194	0	0	0	0	0	0	0	
1333533600	894787	0	0	0	0	0	0	0	
1333548000	3850265	0	0	0	0	0	0	0	
1333562400	7200639	0	0	0	0	0	0	0	
1333576800	10045334	0	0	0	0	0	0	0	
1333591200	9513912	0	0	0	0	0	0	0	
1333605600	8696915	0	0	0	0	0	0	0	
1333620000	4405179	0	0	0	0	0	0	0	
1333634400	2252338	0	0	0	0	0	0	0	
1333648800	1278554	0	0	0	0	0	0	0	
1333663200	689533	0	0	0	0	0	0	0	
1333677600	544924	0	0	0	0	0	0	0	
1333692000	26507	0	0	0	0	0	0	0	
1333706400	54980	0	0	0	0	0	0	0	
1333720800	668188	0	0	0	0	0	0	0	
1333735200	631945	0	0	0	0	0	0	0	
1333749600	756332	0	0	0	0	0	0	0	
1333764000	529889	0	0	0	0	0	0	0	
1333778400	588702	0	0	0	0	0	0	0	
1333792800	5627403	0	0	0	0	0	0	0	
1333807200	6464966	0	0	0	0	0	0	0	
1333821600	6266792	0	0	0	0	0	0	0	
1333836000	3611834	0	0	0	0	0	0	0	
1333850400	464738	0	0	0	0	0	0	0	
1333864800	932748	0	0	0	0	0	0	0	
1333879200	355159	0	0	0	0	0	0	0	
1333893600	3178201	0	0	0	0	0	0	0	
1333908000	4995009	0	0	0	0	0	0	0	
1333922400	7060274	0	0	0	0	0	0	0	
1333936800	5735697	0	0	0	0	0	0	0	
1333951200	8085577	0	0	0	0	0	0	0	
1333965600	9375647	0	0	0	0	0	0	0	
1333980000	8118459	0	0	0	0	0	0	0	
1333994400	6700896	0	0	0	0	0	0	0	
1334008800	3939599	0	0	0	0	0	0	0	
1334023200	1209526	0	0	0	0	0	0	0	
1334037600	1784117	0	0	0	0	0	0	0	
1334052000	2482519	0	0	0	0	0	0	0	
1334066400	2658588	0	0	0	0	0	0	0	
1334080800	767029	0	0	0	0	0	0	0	
1334095200	732891	0	0	0	0	0	0	0	
1334109600	436122	0	0	0	0	0	0	0	
1334124000	390377	0	0	0	0	0	0	0	
1334138400	5862	0	0	0	0	0	0	0	
1334152800	224014	0	0	0	0	0	0	0	
1334167200	255278	0	0	0	0	0	0	0	
1334181600	1069104	0	0	0	0	0	0	0	
1334196000	1912696	0	0	0	0	0	0	0	
1334210400	0	0	0	0	0	0	0	0	
1334224800	277317	0	0	0	0	0	0	0	
1334239200	733038	0	0	0	0	0	0	0	
1334253600	0	0	0	0	0	0	0	0	
1334268000	0	0	0	0	0	0	0	0	
1334282400	1853673	0	0	0	0	0	0	0	
1334296800	0	0	0	0	0	0	0	0	
1334311200	969623	0	0	0	0	0	0	0	
1334325600	871201	0	0	0	0	0	0	0	
1334340000	0	0	0	0	0	0	0	0	
1334354400	0	0	0	0	0	0	0	0	
1334368800	977313	0	0	0	0	0	0	0	
1334383200	2594	0	0	0	0	0	0	0	
1334397600	92674	0	0	12987	0	0	0	0	
1334412000	822454	0	0	61188	13134	0	0	0	
1334426400	122055	0	0	574175	109293	0	0	0	
1334440800	465939	0	0	1219704	224720	0	0	0	
1334455200	1511635	0	0	2071987	356478	0	0	0	
1334469600	7253128	0	0	4336853	801961	0	0	0	
1334484000	1025019	0	0	97655	15891	0	0	0	
1334498400	2554676	0	0	4134699	768977	0	0	0	
1334512800	7258881	0	0	8543331	1468943	0	0	0	
1334527200	22089637	0	0	8070686	1406653	0	0	0	
1334541600	25199561	0	0	7438174	1354766	0	0	0	
1334556000	27067342	0	0	5264562	963361	0	0	0	
1334570400	23915262	0	0	2841796	547728	0	0	0	
1334584800	16405857	0	0	1107167	204169	0	0	0	
1334599200	28243628	0	0	1413768	255336	0	0	0	
1334613600	36030517	0	0	705510	118160	0	0	0	
1334628000	28965272	0	0	1854539	368828	0	0	0	
1334642400	22491191	0	0	1349877	246816	0	0	0	
1334656800	16936411	0	0	5411898	989959	0	0	0	
1334671200	19244736	0	0	3163152	568307	0	0	0	
1334685600	12129495	0	0	3054221	594534	0	0	0	
1334700000	12127232	0	0	3515091	599387	0	0	0	
1334714400	8700755	0	0	3605944	669107	0	0	0	
1334728800	6172291	0	0	214955	33751	0	0	0	
1334743200	6160856	0	0	1689227	276004	0	0	0	
1334757600	5156003	0	0	850201	159859	0	0	0	
1334772000	2386581	0	0	1697562	316056	0	0	0	
1334786400	1919304	0	0	1590780	284879	0	0	0	
1334800800	1351524	0	0	450033	97257	0	0	0	
1334815200	158975	0	0	0	0	0	0	0	
1334829600	152792	0	0	984769	206606	0	0	0	
1334844000	2581284	0	0	2722042	505489	0	0	0	
1334858400	167626	0	0	1531441	263522	0	0	0	
1334872800	1233249	0	0	144441	22876	0	0	0	
1334887200	3403438	0	0	1937968	363909	0	0	0	
1334901600	5332364	0	0	3001038	528111	0	0	0	
1334916000	3233288	0	0	2531074	455044	0	0	0	
1334930400	1187013	0	0	0	0	0	0	0	
1334944800	2096283	0	0	1549777	270270	0	0	0	
1334959200	2333792	0	0	1016971	189539	0	0	0	
1334973600	4147819	0	0	1376924	244611	0	0	0	
1334988000	2983539	0	0	893059	139639	0	0	0	
1335002400	10030298	0	0	1206966	212436	0	0	0	
1335016800	12967472	0	0	4731325	836531	0	0	0	
1335031200	9884451	0	0	3276041	567189	0	0	0	
1335045600	12015480	0	0	2471183	446052	0	0	0	
1335060000	11495506	0	0	1352233	252140	0	0	0	
1335074400	6627002	0	0	1279282	216855	0	0	0	
1335088800	11073424	0	0	4502983	853563	0	0	0	
1335103200	16553894	0	0	1403883	240477	0	0	0	
1335117600	25294519	0	0	2392001	432013	0	0	0	
1335132000	6287586	0	0	2433286	430534	0	0	0	
1335146400	8131854	0	0	619599	107400	0	0	0	
1335160800	2202467	0	0	1430897	258200	0	0	0	
1335175200	4385462	0	0	264336	53898	0	0	0	
1335189600	8006334	0	0	1876950	343410	0	0	0	
1335204000	18911982	0	0	6132040	1058786	0	0	0	
1335218400	81398753	0	0	9353457	1622537	0	0	0	
1335232800	108117897	0	0	16068072	2948511	0	0	0	
1335247200	119823716	0	0	15416924	2757487	0	0	0	
1335261600	88669418	0	0	9275969	1552554	0	0	0	
1335276000	87135375	0	0	8863009	1703578	0	0	0	
1335290400	76083574	0	0	8848727	1641855	0	0	0	
1335304800	70625872	0	0	9041577	1601372	0	0	0	
1335319200	28559418	0	0	18861932	3410938	0	0	0	
1335333600	17863656	0	0	15843892	2746028	0	0	0	
1335348000	4188594	0	0	7096170	1282863	0	0	0	
1335362400	2384745	0	0	2234411	420685	0	0	0	
1335376800	1302097	0	0	5088526	888446	0	0	0	
1335391200	1985342	0	0	1698241	287984	0	0	0	
1335405600	1626726	0	0	2396974	443006	0	0	0	
1335420000	457259	0	0	2904684	492908	0	0	0	
1335434400	1016660	0	0	5120020	850272	0	0	0	
1335448800	499927	0	0	29405902	5308932	0	0	0	
1335463200	85446	0	0	26643793	4700270	0	0	0	
1335477600	0	0	0	21564548	3824380	0	0	0	
1335492000	167725	0	0	19561039	3435424	0	0	0	
1335506400	0	0	0	19602793	3553382	0	0	0	
1335520800	0	0	0	7558204	1363417	0	0	0	
1335535200	0	0	0	5965230	1061749	0	0	0	
1335549600	0	0	0	2990377	535909	0	0	0	
1335564000	0	0	0	2755257	477343	0	0	0	
1335578400	0	0	0	2783156	502168	0	0	0	
1335592800	0	0	0	1874962	327162	0	0	0	
1335607200	0	0	0	3134842	571731	0	0	0	
1335621600	0	0	0	1084026	200589	0	0	0	
1335636000	0	0	0	1883567	339382	0	0	0	
1335650400	0	0	0	1940218	367606	0	0	0	
1335664800	0	0	0	25489421	4441085	0	0	0	
1335679200	0	0	0	40249629	7019866	0	0	0	
1335693600	0	0	0	49372904	8782351	0	0	0	
1335708000	0	0	0	43660281	7756433	0	0	0	
1335722400	0	0	0	53931360	9356851	0	0	0	
1335736800	0	0	0	61584196	10524480	0	0	0	
1335751200	0	0	0	62630456	11143949	0	0	0	
1335765600	0	0	0	55656826	9954054	0	0	0	
1335780000	0	0	0	60075685	11038991	0	0	0	
1335794400	0	0	0	51547706	9181298	0	0	0	
1335808800	0	0	0	58279729	10325728	0	0	0	
1335823200	0	0	0	56096080	9189061	0	0	0	
1335837600	0	0	0	62981343	11245717	0	0	0	
1335852000	0	0	0	60508810	10691403	0	0	0	
1335866400	0	0	0	31779449	5788054	0	0	0	
1335880800	0	0	0	18999643	3787332	0	0	0	
1335895200	0	0	0	8778089	1712466	0	0	0	
1335909600	0	0	0	966534	192483	0	0	0	
1335924000	0	0	0	562884	102137	0	0	0	
1335938400	0	0	0	0	0	0	0	0	
1335952800	0	0	0	0	0	0	0	0	
1335967200	0	0	0	0	0	0	0	0	
1335981600	0	0	0	0	0	0	0	0	
1335996000	0	0	0	0	0	0	0	0	
1336010400	0	0	0	0	0	0	0	0	
1336024800	0	0	0	0	0	0	0	0	
1336039200	0	0	0	0	0	0	0	0	
1336053600	0	0	0	0	0	0	0	0	
1336068000	0	0	0	0	0	0	0	0	
1336082400	0	0	0	0	0	0	0	0	
1336096800	0	0	0	0	0	0	0	0	
1336111200	0	0	0	0	0	0	0	0	
1336125600	0	0	0	0	0	0	0	0	
1336140000	0	0	0	0	0	0	0	0	
1336154400	0	0	0	0	0	0	0	0	
1336168800	0	0	0	0	0	0	0	0	
1336183200	0	0	0	0	0	0	0	0	
1336197600	0	0	0	0	0	0	0	0	
1336212000	0	0	0	0	0	0	0	0	
1336226400	0	0	0	0	0	0	0	0	
1336240800	19022	0	0	0	0	0	0	0	
1336255200	74632	0	0	150658	14643	0	0	0	
1336269600	743025	0	0	395262	42476	0	0	0	
1336284000	899379	0	0	84699	9313	0	0	0	
1336298400	882469	0	0	540955	66170	0	0	0	
1336312800	1897746	0	0	299174	34640	0	0	0	
1336327200	1216809	0	0	105788	12914	0	0	0	
1336341600	1817478	0	0	256535	29033	0	0	0	
1336356000	3750278	0	0	44833	5136	0	0	0	
1336370400	2564039	0	0	0	0	0	0	0	
1336384800	3723755	0	0	165833	15336	0	0	0	
1336399200	14625620	0	0	1324733	134409	0	0	0	
1336413600	49780326	0	0	4696277	511696	0	0	0	
1336428000	54686714	0	0	5959333	635286	0	0	0	
1336442400	61047526	0	0	6850210	758655	0	0	0	
1336456800	60256736	0	0	6575500	738704	0	0	0	
1336471200	57432148	0	0	6015225	722440	0	0	0	
1336485600	31855999	0	0	2609313	349842	0	0	0	
1336500000	15314747	0	0	1766778	197952	0	0	0	
1336514400	14395650	0	0	1756457	226609	0	0	0	
1336528800	54926136	0	0	9563266	1063922	0	0	0	
1336543200	50646835	0	0	8431292	913715	0	0	0	
1336557600	53239256	0	0	7813903	885602	0	0	0	
1336572000	37292093	0	0	5158653	581662	0	0	0	
1336586400	49315196	0	0	7736560	934989	0	0	0	
1336600800	46319131	0	0	8269408	917935	0	0	0	
1336615200	55956416	0	0	10726267	1147525	0	0	0	
1336629600	56455372	0	0	9550916	1054233	0	0	0	
1336644000	45310243	0	0	6187856	688388	0	0	0	
1336658400	13784975	0	0	2484116	335336	0	0	0	
1336672800	6742928	0	0	205272	20983	0	0	0	
1336687200	2211941	1163442	0	618107	80184	0	0	0	
1336701600	6080019	6503816	0	1643980	185214	0	0	0	
1336716000	7084797	874716	0	3026602	334509	0	0	0	
1336730400	38938867	11573691	0	9775581	1104686	0	0	0	
1336744800	9300509	8870370	0	3927895	463748	0	0	0	
1336759200	5420802	2641589	0	634514	70063	0	0	0	
1336773600	2449800	3843939	0	2279082	239257	0	0	0	
1336788000	1235358	25570659	0	13270936	1467027	0	0	0	
1336802400	298254	30019599	0	11524796	1293254	0	0	0	
1336816800	271188	34570633	0	9340118	1060788	0	0	0	
1336831200	75360	40044942	0	9334119	1059798	0	0	0	
1336845600	14836	22848959	0	4886158	555106	0	0	0	
1336860000	408142	28278057	0	10019638	1100804	0	0	0	
1336874400	0	26765741	0	8920148	1011782	0	0	0	
1336888800	4939	52645465	0	10317893	1212979	0	0	0	
1336903200	796679	61856611	0	8095420	953332	0	0	0	
1336917600	0	19907873	0	1947500	243480	0	0	0	
1336932000	0	4533784	0	455188	51292	0	0	0	
1336946400	0	32110551	0	5806142	547213	0	0	0	
1336960800	0	80637837	0	11422428	1292292	0	0	0	
1336975200	0	78964401	0	12412632	1354057	0	0	0	
1336989600	0	71672983	0	8907844	979945	0	0	0	
1337004000	0	68187004	0	8337724	920373	0	0	0	
1337018400	0	95981488	0	8229607	915487	0	0	0	
1337032800	0	63815457	0	5263102	502785	0	0	0	
1337047200	0	59366313	0	4065490	403052	0	0	0	
1337061600	0	84886892	0	10838251	1109481	0	0	0	
1337076000	0	62365565	0	9407192	1008929	0	0	0	
1337090400	0	41044304	0	9216321	1070542	0	0	0	
1337104800	0	13910465	0	4170793	461176	0	0	0	
1337119200	0	16455518	0	3890678	360723	0	0	0	
1337133600	0	18243626	0	5574747	639104	0	0	0	
1337148000	0	4205531	0	4987184	574263	0	0	0	
1337162400	0	1933628	0	6016791	755053	0	0	0	
1337176800	0	537611	0	6921578	845404	0	0	0	
1337191200	0	146445	0	7262753	781589	0	0	0	
1337205600	0	6453	0	5738939	604844	0	0	0	
1337220000	0	0	0	993404	108454	0	0	0	
1337234400	0	0	0	107803	10325	0	0	0	
1337248800	0	0	0	0	0	0	0	0	
1337263200	0	0	0	1765899	198392	0	0	0	
1337277600	0	0	0	7305233	825672	0	0	0	
1337292000	0	0	0	3886662	422495	0	0	0	
1337306400	0	0	0	10978638	1142861	0	0	0	
1337320800	0	0	0	13143563	1447405	0	0	0	
1337335200	0	0	0	12153669	1411958	0	0	0	
1337349600	0	0	0	9362301	1124897	0	0	0	
1337364000	0	0	0	7037916	808476	0	0	0	
1337378400	0	0	0	15133482	1593061	0	0	0	
1337392800	0	0	0	14807282	1711614	0	0	0	
1337407200	0	0	0	14001341	1562610	0	0	0	
1337421600	0	0	0	12364538	1401257	0	0	0	
1337436000	0	0	0	11033215	1235676	0	0	0	
1337450400	0	0	0	13147942	1405898	0	0	0	
1337464800	0	0	0	18621966	1913344	0	0	0	
1337479200	0	0	0	14547962	1576666	0	0	0	
1337493600	0	0	0	6176222	685531	0	0	0	
1337508000	0	0	0	14313536	1761283	0	0	0	
1337522400	0	0	0	14388452	1606721	0	0	0	
1337536800	0	0	0	14122022	1444947	0	0	0	
1337551200	0	0	0	362756	44043	0	0	0	
1337565600	0	0	0	593796	64745	0	0	0	
1337580000	0	0	0	5624032	612562	0	0	0	
1337594400	0	0	0	95665	11097	0	0	0	
1337608800	0	0	0	179554	20427	0	0	0	
1337623200	0	0	0	15819239	1749682	0	0	0	
1337637600	0	0	0	12349325	1302318	0	0	0	
1337652000	0	0	0	1763374	203498	0	0	0	
1337666400	0	0	0	858302	94455	0	0	0	
1337680800	0	0	0	257688	31439	0	0	0	
1337695200	0	0	0	631079	51767	0	0	0	
1337709600	0	0	0	588397	56959	0	0	0	
1337724000	0	0	0	207571	30387	0	0	0	
1337738400	0	0	0	606791	52923	0	0	0	
1337752800	0	0	0	8048271	815614	0	0	0	
1337767200	0	0	0	20201079	2272468	0	0	0	
1337781600	0	0	0	15864742	1981172	0	0	0	
1337796000	0	0	0	16507127	2009767	0	0	0	
1337810400	0	0	0	10086878	1251123	0	0	0	
1337824800	0	0	0	11050873	1167978	0	0	0	
1337839200	0	0	0	10261219	1132651	0	0	0	
1337853600	0	0	0	8956805	1016015	0	0	0	
1337868000	0	0	0	8976040	1008384	0	0	0	
1337882400	0	0	0	10170201	1076692	0	0	0	
1337896800	0	0	0	4036934	475320	0	0	0	
1337911200	0	0	0	1218468	147640	0	0	0	
1337925600	0	0	0	850645	104461	0	0	0	
1337940000	0	0	0	0	0	0	0	0	
1337954400	0	0	0	54191	9684	0	0	0	
1337968800	0	0	0	38108	6954	0	0	0	
1337983200	0	0	0	336426	43997	0	0	0	
1337997600	0	0	0	297202	29307	0	0	0	
1338012000	0	0	0	4987417	503579	0	0	0	
1338026400	0	0	0	14124475	1562947	0	0	0	
1338040800	0	0	0	15504175	1758200	0	0	0	
1338055200	0	0	0	17553536	2035548	0	0	0	
1338069600	0	0	0	17218700	1863249	0	0	0	
1338084000	0	0	0	7688131	945978	0	0	0	
1338098400	0	0	0	2101953	245801	0	0	0	
1338112800	0	0	0	710892	88201	0	0	0	
1338127200	0	0	0	28548	2874	0	0	0	
1338141600	0	0	0	22604	3593	0	0	0	
1338156000	0	0	0	546236	66957	0	0	0	
1338170400	0	0	0	5820	0	0	0	0	
1338184800	0	0	0	0	0	0	0	0	
1338199200	0	0	0	309616	38201	0	0	0	
1338213600	0	0	0	1896404	231843	0	0	0	
1338228000	0	0	0	9692892	1140345	0	0	0	
1338242400	0	0	0	19881506	2231425	0	0	0	
1338256800	0	0	0	19849622	2339228	0	0	0	
1338271200	0	0	0	14767812	1804065	0	0	0	
1338285600	0	0	0	7367006	983081	0	0	0	
1338300000	0	0	0	892724	110921	0	0	0	
1338314400	0	0	0	3252936	474375	0	0	0	
1338328800	0	0	0	43630	6368	0	0	0	
1338343200	0	0	0	10636731	1362751	0	0	0	
1338357600	0	0	0	8986315	1145006	0	0	0	
1338372000	0	0	0	7763730	983887	0	0	0	
1338386400	0	0	0	5192658	702461	0	0	0	
1338400800	0	0	0	5967608	733278	0	0	0	
1338415200	0	0	0	5939084	665144	0	0	0	
1338429600	0	0	0	5519602	663612	0	0	0	
1338444000	0	0	0	6151312	712484	0	0	0	
1338458400	0	0	0	2178334	281591	0	0	0	
1338472800	0	0	0	224841	28365	0	0	0	
1338487200	0	0	0	29378	4487	0	0	0	
1338501600	0	0	0	0	0	0	0	0	
1338516000	0	0	0	282930	27851	0	0	0	
1338530400	0	0	0	2285	0	0	0	0	
1338544800	0	0	0	4482	0	0	0	0	
1338559200	0	0	0	792158	105186	0	0	0	
1338573600	0	0	0	1094047	131773	0	0	0	
1338588000	0	0	0	13020383	1422474	0	0	0	
1338602400	0	0	0	41803885	4767893	0	0	0	
1338616800	0	0	0	37227650	4308391	0	0	0	
1338631200	0	0	0	32241207	3733727	0	0	0	
1338645600	0	0	0	29496136	3506007	0	0	0	
1338660000	0	0	0	48740460	5424334	0	0	0	
1338674400	0	0	0	36703208	3999700	0	0	0	
1338688800	0	0	0	42973365	4827423	0	0	0	
1338703200	0	0	0	44572413	5178042	0	0	0	
1338717600	0	0	0	43573167	5172006	0	0	0	
1338732000	0	0	0	40221126	4827323	0	0	0	
1338746400	0	0	0	60361631	6823551	0	0	0	
1338760800	0	0	0	48590948	5269968	0	0	0	
1338775200	0	0	0	52242511	5745699	0	0	0	
1338789600	0	0	0	40573303	4986577	0	0	0	
1338804000	0	0	0	44824501	5228422	0	0	0	
1338818400	0	0	0	46438075	5619466	0	0	0	
1338832800	0	0	0	41421269	4744899	0	0	0	
1338847200	0	0	0	30082111	3338181	0	0	0	
1338861600	0	0	0	5636393	630857	0	0	0	
1338876000	0	0	0	2010181	216510	0	0	0	
1338890400	0	0	0	662557	82793	0	0	0	
1338904800	0	0	0	34635	3825	0	0	0	
1338919200	0	0	0	0	0	0	0	0	
1338933600	0	0	0	0	0	0	0	0	
1338948000	0	0	0	0	0	0	0	0	
1338962400	0	0	0	0	0	0	0	0	
1338976800	0	0	0	0	0	0	0	0	
1338991200	0	0	0	24384	3449	0	0	0	
1339005600	0	0	0	15803166	1911106	0	0	0	
1339020000	0	0	0	3150468	363339	0	0	0	
1339034400	0	0	0	988495	106257	0	0	0	
1339048800	0	0	0	72979	7990	0	0	0	
1339063200	0	0	0	0	0	0	0	0	
1339077600	0	0	0	32189	3408	0	0	0	
1339092000	0	0	0	7371	0	0	0	0	
1339106400	0	0	0	262809	33318	0	0	0	
1339120800	0	0	0	0	0	0	0	0	
1339135200	0	0	0	0	0	0	3244	0	
1339149600	0	0	0	2947	0	0	7147	0	
1339164000	0	0	0	0	0	0	25572	0	
1339178400	0	0	0	11650	0	0	71736	0	
1339192800	0	0	0	2462742	297500	0	341321	0	
1339207200	0	0	0	9795045	1221427	0	529194	0	
1339221600	0	0	0	47787000	5625411	0	336221	0	
1339236000	0	0	0	52307907	6104844	0	285851	0	
1339250400	0	0	0	46644491	5558779	0	305227	0	
1339264800	0	0	0	41885622	4806662	0	276842	0	
1339279200	0	0	0	51795102	5696813	0	363061	0	
1339293600	0	0	0	49911231	6100229	0	362567	0	
1339308000	0	0	0	43164440	5323571	0	399041	0	
1339322400	0	0	0	33176893	4119670	0	366170	0	
1339336800	0	0	0	41810222	5122806	0	286928	0	
1339351200	0	0	0	44742100	5215111	0	221321	0	
1339365600	0	0	0	48705196	5536313	0	133393	0	
1339380000	0	0	0	62606990	7136958	0	70373	0	
1339394400	0	0	0	57577137	6879522	0	60399	0	
1339408800	0	0	0	57178143	6945544	0	48830	0	
1339423200	0	0	0	50917802	6312820	0	158309	0	
1339437600	0	0	0	40061800	5190216	0	60083	0	
1339452000	0	0	0	23543564	3255573	0	34362	0	
1339466400	0	0	0	9295011	1294383	0	95444	0	
1339480800	0	0	0	2209900	287557	0	36430	0	
1339495200	0	0	0	279513	40166	0	24821	0	
1339509600	0	0	0	0	0	0	117244	0	
1339524000	0	0	0	13361	0	0	64716	0	
1339538400	0	0	0	0	0	0	9122	0	
1339552800	0	0	0	0	0	0	89270	0	
1339567200	0	0	0	0	0	0	97988	0	
1339581600	0	0	0	0	0	0	262145	0	
1339596000	0	0	0	0	0	0	163918	0	
1339610400	0	0	0	0	0	0	324877	0	
1339624800	0	0	0	0	0	0	405143	0	
1339639200	0	0	0	0	0	0	577711	0	
1339653600	0	0	0	0	0	0	449626	0	
1339668000	0	0	0	0	0	0	399099	0	
1339682400	0	0	0	0	0	0	447224	0	
1339696800	0	0	0	0	0	0	49743	0	
1339711200	0	0	0	0	0	0	38272	0	
1339725600	0	0	0	0	0	0	2342	0	
1339740000	0	0	0	0	0	0	0	0	
1339754400	0	0	0	0	0	0	0	0	
1339768800	0	0	0	0	0	0	0	0	
1339783200	0	0	0	0	0	0	0	0	
1339797600	0	0	0	0	0	0	0	0	
1339812000	0	0	0	0	0	0	0	0	
1339826400	0	0	0	0	0	0	0	0	
1339840800	0	0	0	0	0	0	0	0	
1339855200	0	0	0	0	0	0	0	0	
1339869600	0	0	0	0	0	0	0	0	
1339884000	0	0	0	0	0	0	0	0	
1339898400	0	0	0	0	0	0	0	0	
1339912800	0	0	0	0	0	0	0	0	
1339927200	0	0	0	0	0	0	0	0	
1339941600	0	0	0	0	0	0	0	0	
1339956000	0	0	0	0	0	0	0	0	
1339970400	0	0	0	0	0	0	0	0	
1339984800	0	0	0	0	0	0	0	0	
1339999200	0	0	0	25208	3074	0	0	0	
1340013600	0	0	0	45546	4824	0	31539	0	
1340028000	0	0	0	22268	2684	0	74143	0	
1340042400	0	0	0	116084	19867	0	800696	0	
1340056800	0	0	0	859843	133490	14432	2016309	14078	
1340071200	0	0	0	3864158	606592	70831	1354965	67282	
1340085600	0	0	0	8947927	1421261	162548	1720800	159083	
1340100000	0	0	0	8736609	1388978	159728	1004809	151250	
1340114400	0	0	0	7356868	1179735	135771	1000010	127240	
1340128800	0	0	0	9672668	1454896	169923	312930	157598	
1340143200	0	0	0	15189178	2221454	260793	18878	247072	
1340157600	0	0	0	16176739	2445595	285994	4677	270988	
1340172000	0	0	0	15215973	2377754	278183	3819	260261	
1340186400	0	0	0	13930914	2305682	264832	0	249421	
1340200800	0	0	0	5453946	936750	106931	0	97861	
1340215200	0	0	0	13561629	2069000	238362	0	222552	
1340229600	0	0	0	14800049	0	252440	0	236573	
1340244000	0	0	0	14705063	2283230	259510	0	238586	
1340258400	0	0	0	2650591	418073	48488	0	44844	
1340272800	0	0	0	8691237	1338976	155705	0	143832	
1340287200	0	0	0	6388644	983899	110030	0	101288	
1340301600	0	0	0	8685899	1286418	146891	0	135727	
1340316000	0	0	0	7922489	1176215	135201	0	125037	
1340330400	0	0	0	2332690	331980	39616	0	36856	
1340344800	0	0	0	253647	32116	4100	0	3808	
1340359200	0	0	0	33344	4309	0	0	0	
1340373600	0	0	0	0	0	0	0	0	
1340388000	0	0	0	0	0	0	0	0	
1340402400	0	0	2815	0	0	0	0	0	
1340416800	0	0	895907	0	0	0	0	0	
1340431200	0	0	2772771	0	0	0	0	0	
1340445600	0	0	3167277	0	0	0	0	0	
1340460000	0	0	2319654	0	0	0	0	0	
1340474400	0	0	2708355	0	0	0	0	0	
1340488800	0	0	6651995	0	0	0	0	0	
1340503200	0	0	14361101	0	0	0	0	0	
1340517600	0	0	15644876	0	0	0	0	0	
1340532000	0	0	9641462	0	0	0	0	0	
1340546400	0	0	7848639	0	0	0	0	0	
1340560800	0	0	3385761	0	0	0	0	0	
1340575200	0	0	1856421	0	0	0	0	0	
1340589600	0	0	0	0	0	0	0	0	
1340604000	0	0	4123350	279284	38332	4254	0	3958	
1340618400	0	0	9527140	2717	0	0	0	0	
1340632800	0	0	18974918	0	0	0	0	0	
1340647200	0	0	24181770	0	0	0	0	0	
1340661600	0	0	41192954	3768	0	0	0	0	
1340676000	0	0	62102563	0	0	0	0	0	
1340690400	0	0	80821509	0	0	0	0	0	
1340704800	0	0	47666376	0	0	0	0	0	
1340719200	0	0	55402696	2149114	286114	32179	0	30102	
1340733600	0	0	50555284	0	0	0	0	0	
1340748000	0	0	42517393	0	0	0	0	0	
1340762400	0	0	42466450	0	0	0	0	0	
1340776800	0	0	48755888	0	0	0	0	0	
1340791200	0	0	57814751	0	0	0	0	0	
1340805600	0	0	60032690	0	0	0	0	0	
1340820000	0	0	82014370	0	0	0	0	0	
1340834400	0	0	73200620	0	0	0	0	0	
1340848800	0	0	73893476	0	0	0	0	0	
1340863200	0	0	72510321	0	0	0	0	0	
1340877600	0	0	51220236	0	0	0	0	0	
1340892000	0	0	33444011	0	0	0	0	0	
1340906400	0	0	36079113	0	0	0	0	0	
1340920800	0	0	43462767	0	0	0	0	0	
1340935200	0	0	68558268	0	0	0	0	0	
1340949600	0	0	80522542	0	0	0	393710	0	
1340964000	0	0	0	0	0	0	0	0	
1340978400	0	0	57997982	0	0	0	0	0	
1340992800	0	0	0	0	0	0	0	0	
1341007200	0	0	52243273	0	0	0	37417	0	
1341021600	0	0	64560687	0	0	0	0	0	
1341036000	0	0	74542583	0	0	0	0	0	
1341050400	0	0	89336015	0	0	0	0	0	
1341064800	0	0	79385870	0	0	0	0	0	
1341079200	0	0	70561757	0	0	0	0	0	
1341093600	0	0	70006093	0	0	0	0	0	
1341108000	0	0	64212738	0	0	0	0	0	
1341122400	0	0	51068217	0	0	0	0	0	
1341136800	0	0	42094239	0	0	0	0	0	
1341151200	0	0	52272918	0	0	0	0	0	
1341165600	0	0	59379523	0	0	0	0	0	
1341180000	0	0	76338283	0	0	0	0	0	
1341194400	0	0	80962744	0	0	0	0	0	
1341208800	0	0	82022338	0	0	0	0	0	
1341223200	0	0	75223626	0	0	0	0	0	
1341237600	0	0	56236381	0	0	0	0	0	
1341252000	0	0	42667955	0	0	0	0	0	
1341266400	0	0	43176371	0	0	0	0	0	
1341280800	0	0	41232244	0	0	0	0	0	
1341295200	0	0	49078443	0	0	0	0	0	
1341309600	0	0	75262340	0	0	0	0	0	
1341324000	0	0	87382819	0	0	0	0	0	
1341338400	0	0	71178241	0	0	0	0	0	
1341352800	0	0	69968126	0	0	0	0	0	
1341367200	0	0	56153455	0	0	0	0	0	
1341381600	0	0	47739138	0	0	0	0	0	
1341396000	0	0	68549396	0	0	0	0	0	
1341410400	0	0	82382273	0	0	0	0	0	
1341424800	0	0	97598414	0	0	0	0	0	
1341439200	0	0	95307134	0	0	0	0	0	
1341453600	0	0	77893861	0	0	0	0	0	
1341468000	0	0	47128190	0	0	0	0	0	
1341482400	0	0	33892379	0	0	0	0	0	
1341496800	0	0	16843415	0	0	0	0	0	
1341511200	0	0	6302373	0	0	0	0	0	
1341525600	0	0	14813234	0	0	0	0	0	
1341540000	0	0	46470530	0	0	0	0	0	
1341554400	0	0	52567152	0	0	0	0	0	
1341568800	0	0	63759925	0	0	0	0	0	
1341583200	0	0	77137128	0	0	0	0	0	
1341597600	0	0	71366820	0	0	0	0	0	
1341612000	0	0	59821011	0	0	0	0	0	
1341626400	0	0	68011372	0	0	0	0	0	
1341640800	0	0	77221365	0	0	0	0	0	
1341655200	0	0	61889095	0	0	0	0	0	
1341669600	0	0	0	0	0	0	0	0	
1341684000	0	0	0	0	0	0	0	0	
1341698400	0	0	68947679	0	0	0	0	0	
1341712800	0	0	57855656	0	0	0	0	0	
1341727200	0	0	61906390	0	0	0	0	0	
1341741600	0	0	67802210	0	0	0	0	0	
1341756000	0	0	67972099	0	0	0	0	0	
1341770400	0	0	64259032	0	0	0	0	0	
1341784800	0	0	63292441	0	0	0	0	0	
1341799200	0	0	62303647	0	0	0	0	0	
1341813600	0	0	72256017	0	0	0	0	0	
1341828000	0	0	81064614	0	0	0	0	0	
1341842400	0	0	69237758	0	0	0	0	0	
1341856800	0	0	67310054	0	0	0	0	0	
1341871200	0	0	72747214	0	0	0	0	0	
1341885600	0	0	58075849	0	0	0	0	0	
1341900000	0	0	52672041	0	0	0	0	0	
1341914400	0	0	52805419	0	0	0	0	0	
1341928800	0	0	63286723	0	0	0	0	0	
1341943200	0	0	76435835	0	0	0	0	0	
1341957600	0	0	65042330	0	0	0	0	0	
1341972000	0	0	49032735	0	0	0	0	0	
1341986400	0	0	52720186	0	0	0	0	0	
1342000800	0	0	68495982	0	0	0	0	0	
1342015200	0	0	84284481	0	0	0	0	0	
1342029600	0	0	64371399	0	0	0	0	0	
1342044000	0	0	66201387	0	0	0	0	0	
1342058400	0	0	79947722	0	0	0	0	0	
1342072800	0	0	74199696	0	0	0	0	0	
1342087200	0	0	71127387	0	0	0	0	0	
1342101600	0	0	60212993	0	0	0	0	0	
1342116000	0	0	80804935	0	0	0	0	0	
1342130400	0	0	78231422	0	0	0	0	0	
1342144800	0	0	65023565	0	0	0	0	0	
1342159200	0	0	65796851	0	0	0	0	0	
1342173600	0	0	61902936	0	0	0	0	0	
1342188000	0	0	62330131	0	0	0	0	0	
1342202400	0	0	72778715	0	0	0	0	0	
1342216800	0	0	56352076	0	0	0	0	0	
1342231200	0	0	58404868	0	0	0	0	0	
1342245600	0	0	86932181	0	0	0	0	0	
1342260000	0	0	88469292	0	0	0	0	0	
1342274400	0	0	84667178	0	0	0	0	0	
1342288800	0	0	52854940	0	0	0	0	0	
1342303200	0	0	61006679	0	0	0	0	0	
1342317600	0	0	69376951	0	0	0	0	0	
1342332000	0	0	51331397	0	0	0	0	0	
1342346400	0	0	59011591	0	0	0	0	0	
1342360800	0	0	68624815	0	0	0	0	0	
1342375200	0	0	62512939	0	0	0	0	0	
1342389600	0	0	0	0	0	0	0	0	
1342404000	0	0	62945280	0	0	0	0	0	
1342418400	0	0	87868876	0	0	0	0	0	
1342432800	0	0	83714562	0	0	0	0	0	
1342447200	0	0	47452364	3709	0	0	0	0	
1342461600	0	0	49657818	372940	73835	8430	0	7686	
1342476000	0	0	52320738	0	0	0	0	0	
1342490400	0	0	42096164	0	0	0	0	0	
1342504800	0	0	37397385	0	0	0	0	0	
1342519200	0	0	0	0	0	0	0	0	
1342533600	0	0	60039540	0	0	0	0	0	
1342548000	0	0	75131886	0	0	0	0	0	
1342562400	0	0	69054143	0	0	0	0	0	
1342576800	0	0	72791877	0	0	0	0	0	
1342591200	0	0	64878001	5443	0	0	0	0	
1342605600	0	0	60744955	0	0	0	0	0	
1342620000	0	0	60889978	0	0	0	0	0	
1342634400	0	0	82891464	0	0	0	0	0	
1342648800	0	0	88530902	0	0	0	0	0	
1342663200	0	0	67479920	0	0	0	0	0	
1342677600	0	0	73401455	0	0	0	0	0	
1342692000	0	0	0	0	0	0	0	0	
1342706400	0	0	75349016	0	0	0	0	0	
1342720800	0	0	73649871	0	0	0	0	0	
1342735200	0	0	77329538	0	0	0	0	0	
1342749600	0	0	78442592	0	0	0	0	0	
1342764000	0	0	87782263	0	0	0	0	0	
1342778400	0	0	73161358	0	0	0	0	0	
1342792800	0	0	68874992	312200	61750	6527	0	5972	
1342807200	0	0	78209947	0	0	0	0	0	
1342821600	0	0	81937574	0	0	0	0	0	
1342836000	0	0	81018098	0	0	0	0	0	
1342850400	0	0	77601233	0	0	0	0	0	
1342864800	0	0	87002190	0	0	0	0	0	
1342879200	0	0	70543034	22533	3850	0	0	0	
1342893600	0	0	39318096	0	0	0	0	0	
1342908000	0	0	28260073	0	0	0	0	0	
1342922400	0	0	4672508	0	0	0	0	0	
1342936800	0	0	2522417	0	0	0	0	0	
1342951200	0	0	4778565	0	0	0	0	0	
1342965600	0	0	15226695	0	0	0	0	0	
1342980000	0	0	45712851	0	0	0	0	0	
1342994400	0	0	59030937	0	0	0	0	0	
1343008800	0	0	67018900	0	0	0	0	0	
1343023200	0	0	79505513	0	0	0	0	0	
1343037600	0	0	83512432	0	0	0	0	0	
1343052000	0	0	90333516	0	0	0	0	0	
1343066400	0	0	0	0	0	0	0	0	
1343080800	0	0	0	0	0	0	0	0	
1343095200	0	0	81048915	0	0	0	0	0	
1343109600	0	0	82791456	0	0	0	0	0	
1343124000	0	0	80917989	0	0	0	0	0	
1343138400	0	0	77573566	0	0	0	0	0	
1343152800	0	0	80425933	0	0	0	0	0	
1343167200	0	0	75097380	0	0	0	0	0	
1343181600	0	0	80707160	0	0	0	0	0	
1343196000	0	0	74039720	0	0	0	0	0	
1343210400	0	0	91223402	0	0	0	0	0	
1343224800	0	0	94237929	0	0	0	0	0	
1343239200	0	0	87999632	0	0	0	0	0	
1343253600	0	0	86831858	0	0	0	0	0	
1343268000	0	0	91917912	0	0	0	0	0	
1343282400	0	0	84369960	0	0	0	0	0	
1343296800	0	0	0	0	0	0	0	0	
1343311200	0	0	101797003	0	0	0	0	0	
1343325600	0	0	73472662	0	0	0	0	0	
1343340000	0	0	80047951	0	0	0	0	0	
1343354400	0	0	77217485	0	0	0	0	0	
1343368800	0	0	93944541	0	0	0	0	0	
1343383200	0	0	89593451	0	0	0	0	0	
1343397600	0	0	92050117	0	0	0	0	0	
1343412000	0	0	0	0	0	0	0	0	
1343426400	0	0	112694883	0	0	0	0	0	
1343440800	0	0	98133913	0	0	0	0	0	
1343455200	0	0	97679540	0	0	0	0	0	
1343469600	0	0	0	0	0	0	0	0	
1343484000	0	0	92364179	0	0	0	0	0	
1343498400	0	0	97867719	0	0	0	0	0	
1343512800	0	0	94131126	0	0	0	0	0	
1343527200	0	0	92621916	0	0	0	0	0	
1343541600	0	0	111209794	0	0	0	0	0	
1343556000	0	0	102530706	0	0	0	0	0	
1343570400	0	0	105120373	0	0	0	0	0	
1343584800	0	0	105950862	0	0	0	0	0	
1343599200	0	0	89396706	0	0	0	0	0	
1343613600	0	0	83991414	0	0	0	0	0	
1343628000	0	0	92288073	0	0	0	0	0	
1343642400	0	0	81029316	0	0	0	0	0	
1343656800	0	0	102976602	0	0	0	0	0	
1343671200	0	0	117041359	0	0	0	0	0	
1343685600	0	0	107019320	0	0	0	0	0	
1343700000	0	0	101156312	0	0	0	0	0	
1343714400	0	0	97781534	0	0	0	0	0	
1343728800	0	0	95803191	0	0	0	0	0	
1343743200	0	0	101813557	0	0	0	0	0	
1343757600	0	0	107936027	0	0	0	0	0	
1343772000	0	0	98660998	0	0	0	0	0	
1343786400	0	0	92455965	0	0	0	0	0	
1343800800	0	0	126208073	0	0	0	0	0	
1343815200	0	0	110133413	0	0	0	0	0	
1343829600	0	0	111094902	0	0	0	0	0	
1343844000	0	0	103908728	0	0	0	0	0	
1343858400	0	0	104336242	0	0	0	0	0	
1343872800	0	0	99771454	0	0	0	0	0	
1343887200	0	0	96299399	0	0	0	0	0	
1343901600	0	0	90794336	0	0	0	0	0	
1343916000	0	0	95415892	0	0	0	0	0	
1343930400	0	0	90574997	0	0	0	0	0	
1343944800	0	0	100945996	0	0	0	0	0	
1343959200	0	0	113020057	0	0	0	0	0	
1343973600	0	0	0	0	0	0	0	0	
1343988000	0	0	105499076	0	0	0	0	0	
1344002400	0	0	81176637	0	0	0	0	0	
1344016800	0	0	88926855	0	0	0	0	0	
1344031200	0	0	87042433	0	0	0	0	0	
1344045600	0	0	114162323	0	0	0	0	0	
1344060000	0	0	141153077	0	0	0	0	0	
1344074400	0	0	149655627	0	0	0	0	0	
1344088800	0	0	135063945	0	0	0	0	0	
1344103200	0	0	130064307	0	0	0	0	0	
1344117600	0	0	128814213	0	0	0	0	0	
1344132000	0	0	130806098	0	0	0	0	0	
1344146400	0	0	137716605	0	0	0	0	0	
1344160800	0	0	138822428	0	0	0	0	0	
1344175200	0	0	116270047	0	0	0	0	0	
1344189600	0	0	82261137	0	0	0	0	0	
1344204000	0	0	43548855	0	0	0	0	0	
1344218400	0	0	24162553	0	0	0	0	0	
1344232800	0	0	7329793	0	0	0	0	0	
1344247200	0	0	941261	0	0	0	0	0	
1344261600	0	0	564803	0	0	0	0	0	
1344276000	0	0	329708	0	0	0	0	0	
1344290400	0	0	115122	0	0	0	0	0	
1344304800	0	0	57922	0	0	0	0	0	
1344319200	0	0	152125	0	0	0	0	0	
1344333600	0	0	747259	0	0	0	0	0	
1344348000	0	0	1029827	0	0	0	0	0	
1344362400	9481	0	1781832	0	0	0	0	0	
1344376800	121703	0	7311092	0	0	0	0	0	
1344391200	291839	0	37744159	0	0	0	0	0	
1344405600	906679	0	56002966	0	0	0	0	0	
1344420000	8219841	0	102299321	0	0	0	0	0	
1344434400	203533813	0	111296673	0	0	0	0	0	
1344448800	205047475	0	111132468	0	0	0	0	0	
1344463200	210101134	0	104760003	0	0	0	0	0	
1344477600	207235811	0	100168788	0	0	0	0	0	
1344492000	188677209	0	106603024	0	0	0	0	0	
1344506400	47917746	0	127897578	0	0	0	0	0	
1344520800	17776100	0	137207577	0	0	0	0	0	
1344535200	6102147	0	142148802	0	0	0	0	0	
1344549600	98703006	0	171522961	0	0	0	0	0	
1344564000	145350334	0	161187273	0	0	0	0	0	
1344578400	141303482	0	150754346	0	0	0	0	0	
1344592800	64541494	0	185003208	0	0	0	0	0	
1344607200	17517207	0	186897960	0	0	0	0	0	
1344621600	4418220	0	174101446	0	0	0	0	0	
1344636000	57683214	0	186891011	0	0	0	0	0	
1344650400	63030443	0	72814637	0	0	0	0	0	
1344664800	149993647	0	102032763	0	0	0	0	0	
1344679200	141552548	0	201574216	0	0	0	0	0	
1344693600	141072813	0	207704354	0	0	0	0	0	
1344708000	65395232	0	198050957	0	0	0	0	0	
1344722400	38554836	0	217880943	0	0	0	0	0	
1344736800	140269321	0	171925992	0	0	0	0	0	
1344751200	135763496	0	175003847	0	0	0	0	0	
1344765600	110703967	0	210262145	0	0	0	0	0	
1344780000	41418182	0	200025947	0	0	0	0	0	
1344794400	15181384	0	187779529	0	0	0	0	0	
1344808800	8982466	0	210503203	0	0	0	0	0	
1344823200	16422037	0	222300956	0	0	0	0	0	
1344837600	67735371	0	214537133	0	0	0	0	0	
1344852000	100845424	0	189692827	0	0	0	0	0	
1344866400	29495248	0	193975726	0	0	0	0	0	
1344880800	13926144	0	162057889	0	0	0	0	0	
1344895200	5394027	0	207779391	0	0	0	0	0	
1344909600	1112107	0	214578141	0	0	0	0	0	
1344924000	3923853	0	213713551	0	0	0	0	0	
1344938400	28954306	0	196073555	0	0	0	0	0	
1344952800	27923972	0	200385853	0	0	0	0	0	
1344967200	28280062	0	175297430	0	0	0	0	0	
1344981600	28828190	0	208054440	0	0	0	0	0	
1344996000	28396105	0	209646148	0	0	0	0	0	
1345010400	28586168	0	209628160	0	0	0	0	0	
1345024800	28406568	0	204554131	0	0	0	0	0	
1345039200	28419250	0	172421545	0	0	0	0	0	
1345053600	28768137	0	0	0	0	0	0	0	
1345068000	28887841	0	0	0	0	0	0	0	
1345082400	28420184	0	213649655	0	0	0	0	0	
1345096800	28382160	0	221952872	0	0	0	0	0	
1345111200	28329128	0	191367035	0	0	0	0	0	
1345125600	28827366	0	196200739	0	0	0	0	0	
1345140000	28133621	0	181787164	0	0	0	0	0	
1345154400	29391004	0	197533552	0	0	0	0	0	
1345168800	28272020	0	190801526	0	0	0	0	0	
1345183200	28560206	0	199174879	0	0	0	0	0	
1345197600	28287184	0	187489692	0	0	0	0	0	
1345212000	28460988	0	197014390	0	0	0	0	0	
1345226400	28264336	0	189237463	0	0	0	0	0	
1345240800	28902349	0	197635647	0	0	0	0	0	
1345255200	28626110	0	196749667	0	0	0	0	0	
1345269600	28630858	0	214517416	0	0	0	0	0	
1345284000	28864102	0	194827067	0	0	0	0	0	
1345298400	28293845	0	165479133	0	0	0	0	0	
1345312800	29036542	0	157990043	0	0	0	0	0	
1345327200	28955498	0	187736224	0	0	0	0	0	
1345341600	28274453	0	214640037	0	0	0	0	0	
1345356000	28886782	0	221902873	0	0	0	0	0	
1345370400	29063707	0	206295453	0	0	0	0	0	
1345384800	28888757	0	167055615	0	0	0	0	0	
1345399200	28400527	0	161606082	0	0	0	0	0	
1345413600	28641593	0	148010786	0	0	0	0	0	
1345428000	29436966	0	141878135	0	0	0	0	0	
1345442400	28805744	0	137013336	0	0	0	0	0	
1345456800	28453712	7699471	148750544	63625	21321	2769	0	2629	
1345471200	27029671	1591849	144104575	4868715	989684	90619	0	84498	
1345485600	28272219	4983776	151985325	5839009	1070502	99356	0	93116	
1345500000	27816992	4654776	118948626	6680533	1197654	108518	0	101822	
1345514400	28206881	6103651	132576343	6688777	1221739	113285	0	106465	
1345528800	27962419	7668920	158540147	5848662	1045729	101983	0	95848	
1345543200	28057792	7444493	167129021	5610239	1050844	97393	0	91129	
1345557600	27679093	4008545	158305429	4993043	979752	88421	0	81990	
1345572000	29113844	2624620	138289511	6980255	1295090	114036	0	105924	
1345586400	28879655	2253723	138622904	7796391	1415214	125093	0	116574	
1345600800	27993485	6009919	174898241	6561165	1181259	109234	0	102193	
1345615200	7161832	1140788	62120598	2098337	396990	39461	0	36817	
1345629600	27843563	1494195	126181894	8235760	1634970	146961	0	136526	
1345644000	27079757	1235376	128058288	4384250	877157	84952	0	78867	
1345658400	28698039	3361036	149329850	7298515	1326140	125459	0	116715	
1345672800	23454873	3432695	121609443	4757671	866614	84831	0	79024	
1345687200	274398	0	24817474	112669	22134	2376	0	0	
1345701600	0	0	74028	0	0	0	0	0	
1345716000	0	0	78775	0	0	0	0	0	
1345730400	0	0	28333	0	0	0	0	0	
1345744800	0	0	140049	0	0	0	0	0	
1345759200	0	0	110010	0	0	0	0	0	
1345773600	0	0	20057	0	0	0	0	0	
1345788000	0	0	10560	0	0	0	0	0	
1345802400	0	0	113215	0	0	0	0	0	
1345816800	0	0	6812	0	0	0	0	0	
1345831200	0	0	0	0	0	0	0	0	
1345845600	0	0	0	0	0	0	0	0	
1345860000	0	0	0	0	0	0	0	0	
1345874400	0	0	0	0	0	0	0	0	
1345888800	0	0	0	0	0	0	0	0	
1345903200	0	0	0	0	0	0	0	0	
1345917600	0	0	0	0	0	0	0	0	
1345932000	0	0	0	0	0	0	0	0	
1345946400	13995	0	2403	0	0	0	0	0	
1345960800	0	0	8627	862141	118589	11926	0	11321	
1345975200	27066	0	27871	0	0	0	0	0	
1345989600	2253339	1480503	277409	428571	79514	7628	0	7121	
1346004000	29274550	10374992	54742025	10285679	1677294	172745	0	160977	
1346018400	28114756	9305019	149129657	8157730	1293295	134632	0	125439	
1346032800	28177896	9834421	0	8235296	1300616	137299	0	128326	
1346047200	28336825	10433274	193553796	7361081	1247041	131112	0	122510	
1346061600	27540346	10609592	168245640	7060403	1179622	127505	0	118694	
1346076000	27426197	8954872	0	5826463	1019575	108385	0	100763	
1346090400	24634170	3364116	170868819	7577049	1244915	132392	0	123295	
1346104800	11207787	3106663	70423813	3972321	662730	69562	0	65166	
1346119200	28885502	5498162	0	7862788	1339082	136301	0	127626	
1346133600	28915823	6407443	180482288	6722763	1159461	122151	0	113989	
1346148000	28802806	7085681	144381941	6550808	1162779	117931	0	109682	
1346162400	27588251	4812926	148226926	5852831	1057700	106745	0	99165	
1346176800	28980385	1593082	172821767	7529434	1281232	127422	0	119514	
1346191200	28644343	536067	158833406	8085660	1300705	132278	0	124990	
1346205600	28312958	2880665	208153899	7269282	1196377	122703	0	115494	
1346220000	28288627	6412992	167215580	6719887	1146417	120738	0	113783	
1346234400	8925863	968777	61358345	3256469	571160	60948	0	57528	
1346248800	157789	0	5135234	9971	0	0	0	0	
1346263200	22714612	5833971	52720580	6303351	1053632	108028	0	101848	
1346277600	28377835	2497172	180695665	9026077	1417308	146292	0	138031	
1346292000	28034973	556478	183866453	8908961	1457763	151665	0	143761	
1346306400	27784744	2061943	166173090	7936810	1382642	141697	0	134272	
1346320800	27797528	1168206	154472942	8093875	1416196	148360	0	140431	
1346335200	10446958	723990	65724285	3746134	680754	76163	0	71777	
1346349600	27917169	43678	135734293	8132341	1327840	138064	0	129596	
1346364000	29223306	316964	0	8991549	1451293	154029	0	145182	
1346378400	22782612	2650420	134062020	7479013	1247737	136619	0	128909	
1346392800	27686129	16836694	118634312	19775787	3537322	376630	0	352251	
1346407200	27840764	16971433	185144616	18975007	3475252	368080	0	341811	
1346421600	27830423	17107469	161874719	18622818	3472326	370588	0	342257	
1346436000	28268303	17188923	190142394	21967366	3763386	408672	0	378688	
1346450400	28599285	17435949	157336169	24320503	4068767	439517	0	409521	
1346464800	27015225	16733975	164568814	22499919	3960291	423165	0	394838	
1346479200	16514849	9571966	74052896	15553128	2894370	302710	0	281185	
1346493600	27369943	17085496	0	21952578	3978764	423208	0	391782	
1346508000	27359266	17281451	0	20133380	3724604	393917	0	362238	
1346522400	13615627	6967372	96823303	10890285	1999655	213022	0	195380	
1346536800	43607	10048	5812878	81311	24987	0	0	0	
1346551200	16072	0	55493	0	0	0	0	0	
1346565600	19564	0	74286	0	0	0	0	0	
1346580000	164280	0	245760	2585	0	0	0	0	
1346594400	22669424	14149508	35111383	20001936	3757906	389847	0	359236	
1346608800	27757082	17777989	115179919	22865457	3916626	415248	0	380092	
1346623200	27802566	17401798	139983297	23184543	3812441	406057	0	374637	
1346637600	27938049	16988272	157282636	23438138	3966156	416552	0	386133	
1346652000	28230074	17699995	105079928	25717732	4483217	472872	0	438886	
1346666400	27670098	17328756	172849379	22155190	3866823	406088	0	376339	
1346680800	27603705	17628476	147018476	21311780	3825541	403604	0	372006	
1346695200	27579203	17587989	158157903	24053974	4051716	428215	0	395536	
1346709600	27825876	17602918	149563268	24805188	4060037	433394	0	400835	
1346724000	27252441	17639421	160799301	23214874	3924857	421348	0	389431	
1346738400	25920354	17301345	162191459	23337820	4033355	432975	0	400079	
1346752800	27772894	17571330	174569751	21762540	3861368	414675	0	383091	
1346767200	27643098	17422043	0	20640775	3793263	402980	0	370419	
1346781600	27668952	17539542	119031453	23975201	4072988	438590	0	402338	
1346796000	28506585	17459451	118939277	24714352	4037328	435836	0	401879	
1346810400	28088952	17732501	0	23293800	3991534	421599	0	391272	
1346824800	28251183	17337998	149582517	22934166	4084155	433385	0	401495	
1346839200	27938226	17923671	146393043	15249287	3068803	323182	0	297788	
1346853600	26500316	16691529	107619193	17638477	3677121	381151	0	347907	
1346868000	27968251	17553866	77400194	17204193	3328186	339054	0	310098	
1346882400	28232554	17871986	128129845	2534970	509208	48644	0	44536	
1346896800	28970441	18141882	104109169	150262	34189	2965	0	2686	
1346911200	28292667	18096759	85496964	0	0	0	0	0	
1346925600	28009266	17808896	95083808	0	0	0	0	0	
1346940000	27922791	17961590	76001299	0	0	0	0	0	
1346954400	28548836	18140379	69916311	0	0	0	0	0	
1346968800	29368735	18432725	78702007	0	0	0	0	0	
1346983200	28163355	18126594	77710577	0	0	0	0	0	
1346997600	29729688	15474632	87856764	0	0	0	0	0	
1347012000	29073119	5572782	44730048	0	0	0	0	0	
1347026400	28777926	3658137	56346596	0	0	0	0	0	
1347040800	29784111	1992452	61583653	0	0	0	0	0	
1347055200	28919595	214973	70019895	0	0	0	0	0	
1347069600	27921450	1244830	35269238	0	0	0	0	0	
1347084000	2114717	91115	15808656	0	0	0	0	0	
1347098400	187665	0	262384	0	0	0	0	0	
1347112800	26396664	4959610	37889249	0	0	0	0	0	
1347127200	29925807	3768995	41541658	0	0	0	0	0	
1347141600	30101978	1268681	12986761	0	0	0	0	0	
1347156000	31524026	966126	3538892	0	0	0	0	0	
1347170400	29271730	1422673	26583410	0	0	0	0	0	
1347184800	28127618	957847	46455836	0	0	0	0	0	
1347199200	30905834	442163	7338156	0	0	0	0	0	
1347213600	21699150	0	2672958	0	0	0	0	0	
1347228000	389945	0	0	0	0	0	0	0	
1347242400	267242	0	4815	0	0	0	0	0	
1347256800	5762	0	38560	0	0	0	0	0	
1347271200	0	0	0	0	0	0	0	0	
1347285600	50693	0	572591	0	0	0	0	0	
1347300000	0	0	4363	0	0	0	0	0	
1347314400	0	0	4489	0	0	0	0	0	
1347328800	0	0	7772	0	0	0	0	0	
1347343200	0	0	17037	0	0	0	0	0	
1347357600	0	0	18520	0	0	0	0	0	
1347372000	0	1029934	124858	0	0	0	0	0	
1347386400	0	0	2267	0	0	0	0	0	
1347400800	0	249515	4168	0	0	0	0	0	
1347415200	0	0	0	0	0	0	0	0	
1347429600	0	0	0	0	0	0	0	0	
1347444000	0	0	92355	0	0	0	0	0	
1347458400	0	0	0	0	0	0	0	0	
1347472800	0	0	102438	0	0	0	0	0	
1347487200	0	0	0	0	0	0	0	0	
1347501600	0	0	0	0	0	0	0	0	
1347516000	0	0	0	0	0	0	0	0	
1347530400	0	0	0	0	0	0	0	0	
1347544800	0	0	10743	0	0	0	0	0	
1347559200	2715	0	0	0	0	0	0	0	
1347573600	5847	0	0	0	0	0	0	0	
1347588000	7333	0	0	0	0	0	0	0	
1347602400	5216778	1736067	83868	0	0	0	0	0	
1347616800	30353734	19071169	2086574	0	0	0	0	0	
1347631200	30427324	18336576	120461	0	0	0	0	0	
1347645600	30452556	18171456	0	0	0	0	0	0	
1347660000	32205990	19282511	0	0	0	0	0	0	
1347674400	8355437	3842273	0	0	0	0	0	0	
1347688800	17033018	11414212	0	0	0	0	0	0	
1347703200	28560124	18361448	0	0	0	0	0	0	
1347717600	28325355	18041704	0	0	0	0	0	0	
1347732000	26771633	17119770	8635	0	0	0	0	0	
1347746400	25825143	16833898	0	0	0	0	0	0	
1347760800	25770929	17043208	0	0	0	0	0	0	
1347775200	21030722	13396187	0	0	0	0	0	0	
1347789600	529014	5930	0	0	0	0	0	0	
1347804000	28752784	14989757	0	0	0	0	0	0	
1347818400	28961622	18328734	0	0	0	0	0	0	
1347832800	30766702	18702028	0	0	0	0	0	0	
1347847200	30709561	18948951	0	0	0	0	0	0	
1347861600	28626826	18195142	0	0	0	0	0	0	
1347876000	28537609	18356995	78910	0	0	0	0	0	
1347890400	30557690	18707360	0	0	0	0	0	0	
1347904800	30763367	18701245	0	0	0	0	0	0	
1347919200	31571655	18672717	0	0	0	0	0	0	
1347933600	30665550	18904372	0	0	0	0	0	0	
1347948000	30842368	18994016	10882	0	0	0	0	0	
1347962400	29156087	17987494	0	0	0	0	0	0	
1347976800	28354533	16870109	0	0	0	0	0	0	
1347991200	2079471	458873	0	0	0	0	0	0	
1348005600	28790	0	0	0	0	0	0	0	
1348020000	0	0	0	0	0	0	0	0	
1348034400	4418949	3155340	0	0	0	0	0	0	
1348048800	15481673	8675210	0	0	0	0	0	0	
1348063200	13945931	9046060	0	0	0	0	0	0	
1348077600	27672559	17789243	0	0	0	0	0	0	
1348092000	27821773	17870581	0	0	0	0	0	0	
1348106400	27958061	4630255	0	0	0	0	0	0	
1348120800	28263034	5994	0	0	0	0	0	0	
1348135200	29803964	3046	0	0	0	0	0	0	
1348149600	31741522	0	0	0	0	0	0	0	
1348164000	30551930	9198	0	0	0	0	0	0	
1348178400	32141712	583204	0	0	0	0	0	0	
1348192800	30587177	22246	0	0	0	0	0	0	
1348207200	29488721	0	0	0	0	0	0	0	
1348221600	29046173	0	0	0	0	0	0	0	
1348236000	30982963	30997	0	0	0	0	0	0	
1348250400	31717949	0	0	0	0	0	0	0	
1348264800	22583836	0	0	0	0	0	0	0	
1348279200	3570120	0	0	0	0	0	0	0	
1348293600	8472661	0	0	0	0	0	0	0	
1348308000	17041494	1453496	0	0	0	0	0	0	
1348322400	20275094	0	0	0	0	0	0	0	
1348336800	28685053	0	0	0	0	0	0	0	
1348351200	30125975	0	0	0	0	0	0	0	
1348365600	31850022	0	0	0	0	0	0	0	
1348380000	31553829	0	0	0	0	0	0	0	
1348394400	29472034	0	0	0	0	0	0	0	
1348408800	32364268	0	0	0	0	0	0	0	
1348423200	32834742	0	0	0	0	0	0	0	
1348437600	31653806	0	0	0	0	0	0	0	
1348452000	30206028	0	0	0	0	0	0	0	
1348466400	31743584	0	0	0	0	0	0	0	
1348480800	30780739	8033601	0	0	0	0	0	0	
1348495200	31020924	10096924	0	0	0	0	0	0	
1348509600	32203914	11279241	0	0	0	0	0	0	
1348524000	31541846	12104516	0	0	0	0	0	0	
1348538400	30920120	6583652	0	0	0	0	0	0	
1348552800	31087395	4330013	0	0	0	0	0	0	
1348567200	31510474	12521357	0	0	0	0	0	0	
1348581600	32062110	12201736	0	0	0	0	0	0	
1348596000	31631783	12093640	0	0	0	0	0	0	
1348610400	18264335	5196108	0	0	0	0	0	0	
1348624800	62238	29981	0	0	0	0	0	0	
1348639200	22821	31136	0	0	0	0	0	0	
1348653600	0	29652	0	0	0	0	0	0	
1348668000	0	13344	0	0	0	0	0	0	
1348682400	0	16310	0	0	0	0	0	0	
1348696800	0	22828	0	0	0	0	0	0	
1348711200	0	25123	0	0	0	0	0	0	
1348725600	0	35585	0	0	0	0	0	0	
1348740000	0	34101	0	0	0	0	0	0	
1348754400	0	9016	0	0	0	0	0	0	
1348768800	0	0	0	0	0	0	0	0	
1348783200	0	0	0	0	0	0	0	0	
1348797600	0	0	0	0	0	0	0	0	
1348812000	0	23723	0	0	0	0	0	0	
1348826400	0	35138	0	0	0	0	0	0	
1348840800	0	33526	0	0	0	0	0	0	
1348855200	0	20755	0	0	0	0	0	0	
1348869600	0	26687	0	0	0	0	0	0	
1348884000	0	32617	0	0	0	0	0	0	
1348898400	0	31136	0	0	0	0	0	0	
1348912800	0	34101	0	0	0	0	0	0	
1348927200	0	25206	0	0	0	0	0	0	
1348941600	0	126591	0	0	0	0	0	0	
1348956000	0	27964	0	0	0	0	0	0	
1348970400	0	34086	0	0	0	0	0	0	
1348984800	0	32613	0	0	0	0	0	0	
1348999200	0	32619	0	0	0	0	0	0	
1349013600	0	31900	0	0	0	0	0	0	
1349028000	0	31124	0	0	0	0	0	0	
1349042400	0	34102	0	0	0	0	0	0	
1349056800	0	34101	0	0	0	0	0	0	
1349071200	0	548931	0	0	0	0	0	0	
1349085600	0	0	0	0	0	0	0	0	
1349100000	0	0	0	0	0	0	0	0	
1349114400	0	0	0	0	0	0	0	0	
1349128800	0	0	0	0	0	0	0	0	
1349143200	0	0	0	0	0	0	0	0	
1349157600	0	0	0	0	0	0	0	0	
1349172000	0	0	0	0	0	0	0	0	
1349186400	0	0	0	0	0	0	0	0	
1349200800	0	0	0	0	0	0	0	0	
1349215200	0	0	0	0	0	0	0	0	
1349229600	0	0	0	0	0	0	0	0	
1349244000	0	0	0	0	0	0	0	0	
1349258400	0	0	0	0	0	0	0	0	
1349272800	0	0	0	0	0	0	0	0	
1349287200	0	0	0	0	0	0	0	0	
1349301600	0	0	0	0	0	0	0	0	
1349316000	0	0	0	0	0	0	0	0	
1349330400	0	0	0	0	0	0	0	0	
1349344800	0	0	0	0	0	0	0	0	
1349359200	0	0	0	0	0	0	0	0	
1349373600	0	0	0	0	0	0	0	0	
1349388000	0	0	0	0	0	0	0	0	
1349402400	0	0	0	0	0	0	0	0	
1349416800	0	0	0	0	0	0	0	0	
1349431200	0	0	0	0	0	0	0	0	
1349445600	0	0	0	0	0	0	0	0	
1349460000	0	0	0	0	0	0	0	0	
1349474400	0	0	0	0	0	0	0	0	
1349488800	0	0	0	0	0	0	0	0	
1349503200	0	0	0	0	0	0	0	0	
1349517600	0	0	0	0	0	0	0	0	
1349532000	0	0	0	0	0	0	0	0	
1349546400	0	0	0	0	0	0	0	0	
1349560800	0	0	0	0	0	0	0	0	
1349575200	0	0	0	0	0	0	0	0	
1349589600	0	0	0	0	0	0	0	0	
1349604000	0	0	0	0	0	0	0	0	
1349618400	0	0	0	0	0	0	0	0	
1349632800	0	0	0	0	0	0	0	0	
1349647200	0	0	0	0	0	0	0	0	
1349661600	0	0	0	0	0	0	0	0	
1349676000	0	0	0	0	0	0	0	0	
1349690400	0	0	0	0	0	0	0	0	
1349704800	0	0	0	0	0	0	0	0	
1349719200	0	0	0	0	0	0	0	0	
1349733600	0	13391	0	0	0	0	0	0	
1349748000	0	36113	0	0	0	0	0	0	
1349762400	0	37368	0	0	0	0	0	0	
1349776800	0	36992	0	0	0	0	0	0	
1349791200	0	37091	0	0	0	0	0	0	
1349805600	0	37804	0	0	0	0	0	0	
1349820000	0	34828	0	0	0	0	0	0	
1349834400	0	32657	0	0	0	0	0	0	
1349848800	0	38779	0	0	0	0	0	0	
1349863200	0	1025586	0	0	0	0	0	0	
1349877600	0	33954	0	0	0	0	0	0	
1349892000	0	34382	0	0	0	0	0	0	
1349906400	0	0	0	0	0	0	0	0	
1349920800	0	33562	0	0	0	0	0	0	
1349935200	0	38251	0	0	0	0	0	0	
1349949600	0	20990	0	0	0	0	0	0	
1349964000	0	0	0	0	0	0	0	0	
1349978400	0	0	0	0	0	0	0	0	
1349992800	0	0	0	0	0	0	0	0	
1350007200	0	0	0	0	0	0	0	0	
1350021600	0	0	0	0	0	0	0	0	
1350036000	0	0	0	0	0	0	0	0	
1350050400	0	0	0	0	0	0	0	0	
1350064800	0	7695	0	0	0	0	0	0	
1350079200	0	36993	0	0	0	0	0	0	
1350093600	0	40203	0	0	0	0	0	0	
1350108000	0	35629	0	0	0	0	0	0	
1350122400	0	36015	0	0	0	0	0	0	
1350136800	0	37224	0	0	0	0	0	0	
1350151200	0	29616	5702710	0	0	0	0	0	
1350165600	0	7413	12395762	0	0	0	0	0	
1350180000	0	36776	13157516	0	0	0	0	0	
1350194400	0	292637	469079	0	0	0	0	0	
1350208800	0	37902	9522	0	0	0	0	0	
1350223200	0	37213	0	0	0	0	0	0	
1350237600	0	26763	61099	0	0	0	0	0	
1350252000	0	23997	0	0	0	0	0	0	
1350266400	0	35885	0	0	0	0	0	0	
1350280800	0	35947	0	0	0	0	0	0	
1350295200	0	31599	0	0	0	0	0	0	
1350309600	0	36045	0	0	0	0	0	0	
1350324000	0	685606	0	0	0	0	0	0	
1350338400	0	0	0	0	0	0	0	0	
1350352800	0	0	0	0	0	0	0	0	
1350367200	0	0	0	0	0	0	0	0	
1350381600	0	0	0	0	0	0	0	0	
1350396000	0	0	0	0	0	0	0	0	
1350410400	0	0	0	0	0	0	0	0	
1350424800	0	0	0	0	0	0	0	0	
1350439200	0	0	0	0	0	0	0	0	
1350453600	0	0	0	0	0	0	0	0	
1350468000	0	0	0	0	0	0	0	0	
1350482400	0	0	0	0	0	0	0	0	
1350496800	0	0	0	0	0	0	0	0	
1350511200	0	0	0	0	0	0	0	0	
1350525600	0	0	0	0	0	0	0	0	
1350540000	0	0	0	0	0	0	0	0	
1350554400	0	0	0	0	0	0	0	0	
1350568800	0	0	0	0	0	0	0	0	
1350583200	0	0	0	0	0	0	0	0	
1350597600	0	0	0	0	0	0	0	0	
1350612000	0	16372	0	0	0	0	0	0	
1350626400	0	31836	0	0	0	0	0	0	
1350640800	0	29655	0	0	0	0	0	0	
1350655200	0	35583	0	0	0	0	0	0	
1350669600	0	31320	0	0	0	0	0	0	
1350684000	0	34204	0	0	0	0	0	0	
1350698400	0	35494	0	0	0	0	0	0	
1350712800	0	31137	0	0	0	0	0	0	
1350727200	0	34325	0	0	0	0	0	0	
1350741600	0	31135	0	0	0	0	0	0	
1350756000	0	34893	0	0	0	0	0	0	
1350770400	0	817431	0	0	0	0	0	0	
1350784800	0	0	0	0	0	0	0	0	
1350799200	0	0	0	0	0	0	0	0	
1350813600	0	0	0	0	0	0	0	0	
1350828000	0	0	0	0	0	0	0	0	
1350842400	0	0	0	0	0	0	0	0	
1350856800	0	0	0	0	0	0	0	0	
1350871200	0	0	0	0	0	0	0	0	
1350885600	0	0	0	0	0	0	0	0	
1350900000	0	0	0	0	0	0	0	0	
1350914400	0	0	0	0	0	0	0	0	
1350928800	0	0	0	0	0	0	0	0	
1350943200	0	0	0	0	0	0	0	0	
1350957600	0	0	0	0	0	0	0	0	
1350972000	0	0	0	0	0	0	0	0	
1350986400	0	0	0	0	0	0	0	0	
1351000800	0	0	0	0	0	0	0	0	
1351015200	0	0	0	0	0	0	0	0	
1351029600	0	0	0	0	0	0	0	0	
1351044000	0	0	0	0	0	0	0	0	
1351058400	0	0	0	0	0	0	0	0	
1351072800	0	0	0	0	0	0	0	0	
1351087200	0	0	0	0	0	0	0	0	
1351101600	0	0	0	0	0	0	0	0	
1351116000	0	0	0	0	0	0	0	0	
1351130400	0	0	0	0	0	0	0	0	
1351144800	0	0	0	0	0	0	0	0	
1351159200	0	0	0	0	0	0	0	0	
1351173600	0	0	0	0	0	0	0	0	
1351188000	0	0	0	0	0	0	0	0	
1351202400	0	0	0	0	0	0	0	0	
1351216800	0	0	618137	0	0	0	0	0	
1351231200	0	0	3641301	0	0	0	0	0	
1351245600	0	0	9771353	0	0	0	0	0	
1351260000	0	0	9231170	0	0	0	0	0	
1351274400	0	0	7021870	0	0	0	0	0	
1351288800	0	0	9627303	0	0	0	0	0	
1351303200	0	0	7839627	0	0	0	0	0	
1351317600	0	0	3482063	0	0	0	0	0	
1351332000	0	0	902245	0	0	0	0	0	
1351346400	0	0	0	0	0	0	0	0	
1351360800	0	0	0	0	0	0	0	0	
1351375200	0	0	0	0	0	0	0	0	
1351389600	0	0	0	0	0	0	0	0	
1351404000	0	0	0	0	0	0	0	0	
1351418400	0	0	0	0	0	0	0	0	
1351432800	0	0	0	0	0	0	0	0	
1351447200	0	0	0	0	0	0	0	0	
1351461600	0	19080	0	0	0	0	0	0	
1351476000	0	34094	0	0	0	0	0	0	
1351490400	0	29655	0	0	0	0	0	0	
1351504800	0	34080	0	0	0	0	0	0	
1351519200	0	32587	0	0	0	0	0	0	
1351533600	0	34003	0	0	0	0	0	0	
1351548000	0	31853	0	0	0	0	0	0	
1351562400	0	4448	0	0	0	0	0	0	
1351576800	0	14828	0	0	0	0	0	0	
1351591200	0	718381	0	0	0	0	0	0	
1351605600	0	31799	0	0	0	0	0	0	
1351620000	0	29973	0	0	0	0	0	0	
1351634400	0	28084	0	0	0	0	0	0	
1351648800	0	32617	0	0	0	0	0	0	
1351663200	0	435575	0	0	0	0	0	0	
1351677600	0	6029	0	0	0	0	0	0	
1351692000	0	0	0	0	0	0	0	0	
1351706400	0	0	0	0	0	0	0	0	
1351720800	0	0	0	0	0	0	0	0	
1351735200	0	0	0	0	0	0	0	0	
1351749600	0	0	0	0	0	0	0	0	
1351764000	0	0	0	0	0	0	0	0	
1351778400	0	0	0	0	0	0	0	0	
1351792800	0	0	0	0	0	0	0	0	
1351807200	0	0	0	0	0	0	0	0	
1351821600	0	0	0	0	0	0	0	0	
1351836000	0	0	0	0	0	0	0	0	
1351850400	0	0	0	0	0	0	0	0	
1351864800	0	0	0	0	0	0	0	0	
1351879200	0	0	0	0	0	0	0	0	
1351893600	0	0	0	0	0	0	0	0	
1351908000	0	0	0	0	0	0	0	0	
1351922400	0	0	0	0	0	0	0	0	
1351936800	0	0	0	0	0	0	0	0	
1351951200	0	0	0	0	0	0	0	0	
1351965600	0	0	0	0	0	0	0	0	
1351980000	0	0	0	0	0	0	0	0	
1351994400	0	0	0	0	0	0	0	0	
1352008800	0	0	0	0	0	0	0	0	
1352023200	0	0	0	0	0	0	0	0	
1352037600	0	0	0	0	0	0	0	0	
1352052000	0	0	0	0	0	0	0	0	
1352066400	0	0	0	0	0	0	0	0	
1352080800	0	0	0	0	0	0	0	0	
1352095200	0	0	0	0	0	0	0	0	
1352109600	0	0	0	0	0	0	0	0	
1352124000	0	0	0	0	0	0	0	0	
1352138400	0	0	0	0	0	0	0	0	
1352152800	0	0	0	0	0	0	0	0	
1352167200	0	0	0	0	0	0	0	0	
1352181600	0	0	0	0	0	0	0	0	
1352196000	0	0	0	0	0	0	0	0	
1352210400	0	0	0	0	0	0	0	0	
1352224800	0	0	0	0	0	0	0	0	
1352239200	0	0	0	0	0	0	0	0	
1352253600	0	0	0	0	0	0	0	0	
1352268000	0	0	0	0	0	0	0	0	
1352282400	0	0	0	0	0	0	0	0	
1352296800	0	0	0	0	0	0	0	0	
1352311200	0	0	0	0	0	0	0	0	
1352325600	0	0	0	0	0	0	0	0	
1352340000	0	0	0	0	0	0	0	0	
1352354400	0	0	0	0	0	0	0	0	
1352368800	0	0	0	0	0	0	0	0	
1352383200	0	0	0	0	0	0	0	0	
1352397600	0	0	0	0	0	0	0	0	
1352412000	0	0	0	0	0	0	0	0	
1352426400	0	0	0	0	0	0	0	0	
1352440800	0	0	0	0	0	0	0	0	
1352455200	0	0	0	0	0	0	0	0	
1352469600	0	0	0	0	0	0	0	0	
1352484000	0	0	0	0	0	0	0	0	
1352498400	0	0	0	0	0	0	0	0	
1352512800	0	0	0	0	0	0	0	0	
1352527200	0	0	0	0	0	0	0	0	
1352541600	0	0	0	0	0	0	0	0	
1352556000	0	0	0	0	0	0	0	0	
1352570400	0	0	0	0	0	0	0	0	
1352584800	0	0	0	0	0	0	0	0	
1352599200	0	0	0	0	0	0	0	0	
1352613600	0	0	0	0	0	0	0	0	
1352628000	0	0	0	0	0	0	0	0	
1352642400	0	0	0	0	0	0	0	0	
1352656800	0	0	0	0	0	0	0	0	
1352671200	0	0	0	0	0	0	0	0	
1352685600	0	0	0	0	0	0	0	0	
1352700000	0	0	0	0	0	0	0	0	
1352714400	0	0	0	0	0	0	0	0	
1352728800	0	0	0	0	0	0	0	0	
1352743200	0	0	0	0	0	0	0	0	
1352757600	0	0	0	0	0	0	0	0	
1352772000	0	0	0	0	0	0	0	0	
1352786400	0	0	0	0	0	0	0	0	
1352800800	0	0	0	0	0	0	0	0	
1352815200	0	0	0	0	0	0	0	0	
1352829600	0	0	0	0	0	0	0	0	
1352844000	0	0	0	0	0	0	0	0	
1352858400	0	0	0	0	0	0	0	0	
1352872800	0	0	0	0	0	0	0	0	
1352887200	0	0	0	0	0	0	0	0	
1352901600	0	0	0	0	0	0	0	0	
1352916000	0	0	0	0	0	0	0	0	
1352930400	0	0	0	0	0	0	0	0	
1352944800	0	0	0	0	0	0	0	0	
1352959200	0	0	0	0	0	0	0	0	
1352973600	0	0	0	0	0	0	0	0	
1352988000	0	0	0	0	0	0	0	0	
1353002400	0	0	0	0	0	0	0	0	
1353016800	0	0	0	0	0	0	0	0	
1353031200	0	0	0	0	0	0	0	0	
1353045600	0	0	0	0	0	0	0	0	
1353060000	0	0	0	0	0	0	0	0	
1353074400	0	0	0	0	0	0	0	0	
1353088800	0	0	0	0	0	0	0	0	
1353103200	0	0	0	0	0	0	0	0	
1353117600	0	0	0	0	0	0	0	0	
1353132000	0	0	0	0	0	0	0	0	
1353146400	0	0	0	0	0	0	0	0	
1353160800	0	0	0	0	0	0	0	0	
1353175200	0	0	0	0	0	0	0	0	
1353189600	0	0	0	0	0	0	0	0	
1353204000	0	0	0	0	0	0	0	0	
1353218400	0	0	0	0	0	0	0	0	
1353232800	0	0	0	0	0	0	0	0	
1353247200	0	0	0	0	0	0	0	0	
1353261600	0	0	0	0	0	0	0	0	
1353276000	0	0	0	0	0	0	0	0	
1353290400	0	0	0	0	0	0	0	0	
1353304800	0	0	0	0	0	0	0	0	
1353319200	0	0	0	0	0	0	0	0	
1353333600	0	0	0	0	0	0	0	0	
1353348000	0	0	0	0	0	0	0	0	
1353362400	0	0	0	0	0	0	0	0	
1353376800	0	0	0	0	0	0	0	0	
1353391200	0	0	0	0	0	0	0	0	
1353405600	0	0	0	0	0	0	0	0	
1353420000	0	0	0	0	0	0	0	0	
1353434400	0	0	0	0	0	0	0	0	
1353448800	0	0	0	0	0	0	0	0	
1353463200	0	0	0	0	0	0	0	0	
1353477600	0	0	0	0	0	0	0	0	
1353492000	0	0	0	0	0	0	0	0	
1353506400	0	0	0	0	0	0	0	0	
1353520800	0	0	0	0	0	0	0	0	
1353535200	0	0	0	0	0	0	0	0	
1353549600	0	0	0	0	0	0	0	0	
1353564000	0	0	0	0	0	0	0	0	
1353578400	0	0	0	0	0	0	0	0	
1353592800	0	0	0	0	0	0	0	0	
1353607200	0	0	0	0	0	0	0	0	
1353621600	0	0	0	0	0	0	0	0	
1353636000	0	0	0	0	0	0	0	0	
1353650400	0	0	0	0	0	0	0	0	
1353664800	0	0	0	0	0	0	0	0	
1353679200	0	0	0	0	0	0	0	0	
1353693600	0	0	0	0	0	0	0	0	
1353708000	0	0	0	0	0	0	0	0	
1353722400	0	0	0	0	0	0	0	0	
1353736800	0	0	0	0	0	0	0	0	
1353751200	0	0	0	0	0	0	0	0	
1353765600	0	0	0	0	0	0	0	0	
1353780000	0	0	0	0	0	0	0	0	
1353794400	0	0	0	0	0	0	0	0	
1353808800	0	0	0	0	0	0	0	0	
1353823200	0	0	0	0	0	0	0	0	
1353837600	0	0	0	0	0	0	0	0	
1353852000	0	0	0	0	0	0	0	0	
1353866400	0	0	0	0	0	0	0	0	
1353880800	0	0	0	0	0	0	0	0	
1353895200	0	0	0	0	0	0	0	0	
1353909600	0	0	0	0	0	0	0	0	
1353924000	0	0	0	0	0	0	0	0	
1353938400	0	0	0	0	0	0	0	0	
1353952800	0	0	0	0	0	0	0	0	
1353967200	0	0	0	0	0	0	0	0	
1353981600	0	0	0	0	0	0	0	0	
1353996000	0	0	0	0	0	0	0	0	
1354010400	0	0	0	0	0	0	0	0	
1354024800	0	0	0	0	0	0	0	0	
1354039200	0	0	0	0	0	0	0	0	
1354053600	0	0	0	0	0	0	0	0	
1354068000	0	0	0	0	0	0	0	0	
1354082400	0	0	0	0	0	0	0	0	
1354096800	0	0	0	0	0	0	0	0	
1354111200	0	0	0	0	0	0	0	0	
1354125600	0	0	0	0	0	0	0	0	
1354140000	0	0	0	0	0	0	0	0	
1354154400	0	0	0	0	0	0	0	0	
1354168800	0	0	0	0	0	0	0	0	
1354183200	0	0	0	0	0	0	0	0	
1354197600	0	0	0	0	0	0	0	0	
1354212000	0	0	0	0	0	0	0	0	
1354226400	0	0	0	0	0	0	0	0	
1354240800	0	0	0	0	0	0	0	0	
1354255200	0	0	0	0	0	0	0	0	
1354269600	0	0	0	0	0	0	0	0	
1354284000	0	0	0	0	0	0	0	0	
1354298400	0	0	0	0	0	0	0	0	
1354312800	0	0	0	0	0	0	0	0	
1354327200	0	0	0	0	0	0	0	0	
1354341600	0	0	0	0	0	0	0	0	
1354356000	8218	0	0	0	0	0	0	0	
1354370400	0	0	0	0	0	0	0	0	
1354384800	38362	0	0	0	0	0	0	0	
1354399200	18156	0	0	0	0	0	0	0	
1354413600	0	0	0	0	0	0	0	0	
1354428000	0	0	0	0	0	0	0	0	
1354442400	0	0	0	0	0	0	0	0	
1354456800	0	0	0	0	0	0	0	0	
1354471200	986283	0	0	0	0	0	0	0	
1354485600	19779	0	0	0	0	0	0	0	
1354500000	0	0	0	0	0	0	0	0	
1354514400	0	0	0	0	0	0	0	0	
1354528800	0	0	0	0	0	0	0	0	
1354543200	0	0	0	0	0	0	0	0	
1354557600	0	0	0	0	0	0	0	0	
1354572000	0	0	0	0	0	0	0	0	
1354586400	0	0	0	0	0	0	0	0	
1354600800	79833	0	0	0	0	0	0	0	
1354615200	0	0	0	0	0	0	0	0	
1354629600	0	0	0	0	0	0	0	0	
1354644000	0	0	0	0	0	0	0	0	
1354658400	0	0	0	0	0	0	0	0	
1354672800	0	0	0	0	0	0	0	0	
1354687200	0	0	0	0	0	0	0	0	
1354701600	0	0	0	0	0	0	0	0	
1354716000	0	0	0	0	0	0	0	0	
1354730400	0	0	0	0	0	0	0	0	
1354744800	0	0	0	0	0	0	0	0	
1354759200	0	0	0	0	0	0	0	0	
1354773600	0	0	0	0	0	0	0	0	
1354788000	0	0	0	0	0	0	0	0	
1354802400	0	0	0	0	0	0	0	0	
1354816800	0	0	0	0	0	0	0	0	
1354831200	0	0	0	0	0	0	0	0	
1354845600	0	0	0	0	0	0	0	0	
1354860000	0	0	0	0	0	0	0	0	
1354874400	0	0	0	0	0	0	0	0	
1354888800	0	0	0	0	0	0	0	0	
1354903200	13947	0	0	0	0	0	0	0	
1354917600	0	0	0	0	0	0	0	0	
1354932000	0	0	0	0	0	0	0	0	
1354946400	20183	0	0	0	0	0	0	0	
1354960800	146420	0	0	0	0	0	0	0	
1354975200	22209	0	0	0	0	0	0	0	
1354989600	10099	0	0	0	0	0	0	0	
1355004000	0	0	0	0	0	0	0	0	
1355018400	934006	0	0	0	0	0	0	0	
1355032800	0	0	0	0	0	0	0	0	
1355047200	0	0	0	0	0	0	0	0	
1355061600	0	0	0	0	0	0	0	0	
1355076000	0	0	0	0	0	0	0	0	
1355090400	0	0	0	0	0	0	0	0	
1355104800	0	0	0	0	0	0	0	0	
1355119200	0	0	0	0	0	0	0	0	
1355133600	0	0	0	0	0	0	0	0	
1355148000	0	0	0	0	0	0	0	0	
1355162400	0	0	0	0	0	0	0	0	
1355176800	0	0	0	0	0	0	0	0	
1355191200	0	0	0	0	0	0	0	0	
1355205600	1120299	0	0	0	0	0	0	0	
1355220000	0	0	0	0	0	0	0	0	
1355234400	0	0	0	0	0	0	0	0	
1355248800	0	0	0	0	0	0	0	0	
1355263200	0	0	0	0	0	0	0	0	
1355277600	0	0	0	0	0	0	0	0	
1355292000	0	0	0	0	0	0	0	0	
1355306400	0	0	0	0	0	0	0	0	
1355320800	0	0	0	0	0	0	0	0	
1355335200	0	0	0	0	0	0	0	0	
1355349600	0	0	0	0	0	0	0	0	
1355364000	0	0	0	0	0	0	0	0	
1355378400	0	0	0	0	0	0	0	0	
1355392800	0	0	0	0	0	0	0	0	
1355407200	0	0	0	0	0	0	0	0	
1355421600	0	0	0	0	0	0	0	0	
1355436000	0	0	0	0	0	0	0	0	
1355450400	65109492	0	11741469	0	0	0	0	0	
1355464800	108725930	0	47365848	0	0	0	0	0	
1355479200	110771818	0	64010245	0	0	0	0	0	
1355493600	116491037	0	127347109	0	0	0	0	0	
1355508000	117582274	0	130261769	0	0	0	0	0	
1355522400	117761033	0	94268098	0	0	0	0	0	
1355536800	128165252	0	121491099	0	0	0	0	0	
1355551200	131427699	0	125452179	0	0	0	0	0	
1355565600	129711525	0	0	0	0	0	0	0	
1355580000	154138904	0	89232148	0	0	0	0	0	
1355594400	170091829	0	0	0	0	0	0	0	
1355608800	148507689	0	100196108	0	0	0	0	0	
1355623200	139640791	0	93072893	0	0	0	0	0	
1355637600	144226176	0	79759193	0	0	0	0	0	
1355652000	138578028	0	83777923	0	0	0	0	0	
1355666400	110228779	0	97112135	0	0	0	0	0	
1355680800	86436848	0	52692651	0	0	0	0	0	
1355695200	4440175	0	7764	0	0	0	0	0	
1355709600	91669	0	0	0	0	0	0	0	
1355724000	6024	0	0	0	0	0	0	0	
1355738400	51568877	0	14087437	0	0	0	0	0	
1355752800	67146317	0	54406102	0	0	0	0	0	
1355767200	31821650	0	29379465	0	0	0	0	0	
1355781600	846035	0	5251815	0	0	0	0	0	
1355796000	92374	0	6957037	0	0	0	0	0	
1355810400	22267	0	7226844	0	0	0	0	0	
1355824799	0	0	7546647	0	0	0	0	0	
1355839199	0	0	0	0	0	0	0	0	
1355839200	0	0	1197221	0	0	0	0	0	
1355839200	0	0	0	0	0	0	0	0	
1355846400	0	0	0	0	0	0	0	0	
1355853600	0	0	0	0	0	0	0	0	
1355860800	0	0	0	0	0	0	0	0	
1355868000	0	0	0	0	0	0	0	0	
1355875200	0	0	0	0	0	0	0	0	
1355882400	0	0	0	0	0	0	0	0	
1355889600	0	0	0	0	0	0	0	0	
1355896800	0	0	0	0	0	0	0	0	
1355904000	0	0	0	0	0	0	0	0	
1355911200	0	0	0	0	0	0	0	0	
1355918400	0	0	0	0	0	0	0	0	
1355925600	0	0	0	0	0	0	0	0	
1355932800	0	0	0	0	0	0	0	0	
1355940000	0	0	0	0	0	0	0	0	
1355947200	0	0	0	0	0	0	0	0	
1355954400	0	0	0	0	0	0	0	0	
1355961600	0	0	0	0	0	0	0	0	
1355968800	0	0	0	0	0	0	0	0	
1355976000	0	0	0	0	0	0	0	0	
